<?xml version="1.0" encoding="UTF-8"?>
<wmlrgs:Collection xmlns:xlink="http://www.w3.org/1999/xlink" 
  xmlns:gml="http://www.opengis.net/gml/3.2"
  xmlns:wmlrgs="http://www.opengis.net/waterml-part2/1.0"
  xmlns:xsi="http://www.w3.org/2001/XMLSchema-instance"
  xmlns:wml2="http://www.opengis.net/waterml/2.0"
  xsi:schemaLocation="http://www.opengis.net/waterml-part2/1.0 ../waterml2-part2.xsd" 
  gml:id="collection-response">
  
  <gml:description>This example has been generated by the RESTful API. It shows an example
  of a by-reference collection of gaugings that has resulted from a query. Rather than 
  fully encoding each gauging, a reference is provided. See gauging-collection-service-expanded-example.xml
  for a fully expanded example. </gml:description>

  <wml2:metadata>
    <wml2:DocumentMetadata gml:id="document-metadata">
      <gml:description>Service metadata describing the nature of the collection document.</gml:description>
      <gml:descriptionReference xlink:href="http://example.com" xlink:title="Base page describing service"/>
      <wml2:generationDate>2014-02-02T17:21:05.563039-06:00</wml2:generationDate>
      <wml2:version xlink:href="http://www.opengis.net/waterml-part2/1.0" xlink:title="WaterML2.0 part 2"/>
      <wml2:generationSystem>Prototype RESTful service for WaterML2.0 part 2</wml2:generationSystem>
    </wml2:DocumentMetadata>
  </wml2:metadata>
  
  <wmlrgs:gaugingMember xlink:href="http://example.com/gauging/18978/" xlink:title="18978"/>
  
  <wmlrgs:gaugingMember xlink:href="http://example.com/gauging/18980/" xlink:title="18980"/>
  
  <wmlrgs:gaugingMember xlink:href="http://example.com/gauging/18943/" xlink:title="18943"/>
  
  <wmlrgs:gaugingMember xlink:href="http://example.com/gauging/18944/" xlink:title="18944"/>
  
  <wmlrgs:gaugingMember xlink:href="http://example.com/gauging/18878/" xlink:title="18878"/>
  
  <wmlrgs:gaugingMember xlink:href="http://example.com/gauging/18877/" xlink:title="18877"/>
  
  <wmlrgs:gaugingMember xlink:href="http://example.com/gauging/18739/" xlink:title="18739"/>
  
  <wmlrgs:gaugingMember xlink:href="http://example.com/gauging/18673/" xlink:title="18673"/>
  
  <wmlrgs:gaugingMember xlink:href="http://example.com/gauging/18611/" xlink:title="18611"/>
  
  <wmlrgs:gaugingMember xlink:href="http://example.com/gauging/18554/" xlink:title="18554"/>
  
  <wmlrgs:gaugingMember xlink:href="http://example.com/gauging/18507/" xlink:title="18507"/>
  
  <wmlrgs:gaugingMember xlink:href="http://example.com/gauging/18478/" xlink:title="18478"/>
  
  <wmlrgs:gaugingMember xlink:href="http://example.com/gauging/18506/" xlink:title="18506"/>
  
  <wmlrgs:gaugingMember xlink:href="http://example.com/gauging/18783/" xlink:title="18783"/>
  
  <wmlrgs:gaugingMember xlink:href="http://example.com/gauging/18505/" xlink:title="18505"/>
  
  <wmlrgs:gaugingMember xlink:href="http://example.com/gauging/18784/" xlink:title="18784"/>
  
  <wmlrgs:gaugingMember xlink:href="http://example.com/gauging/18504/" xlink:title="18504"/>
  
  <wmlrgs:gaugingMember xlink:href="http://example.com/gauging/18503/" xlink:title="18503"/>
  
  <wmlrgs:gaugingMember xlink:href="http://example.com/gauging/18212/" xlink:title="18212"/>
  
  <wmlrgs:gaugingMember xlink:href="http://example.com/gauging/18171/" xlink:title="18171"/>
  
  <wmlrgs:gaugingMember xlink:href="http://example.com/gauging/18170/" xlink:title="18170"/>
  
  <wmlrgs:gaugingMember xlink:href="http://example.com/gauging/18180/" xlink:title="18180"/>
  
  <wmlrgs:gaugingMember xlink:href="http://example.com/gauging/18059/" xlink:title="18059"/>
  
  <wmlrgs:gaugingMember xlink:href="http://example.com/gauging/17980/" xlink:title="17980"/>
  
  <wmlrgs:gaugingMember xlink:href="http://example.com/gauging/17943/" xlink:title="17943"/>
  
  <wmlrgs:gaugingMember xlink:href="http://example.com/gauging/17902/" xlink:title="17902"/>
  
  <wmlrgs:gaugingMember xlink:href="http://example.com/gauging/17804/" xlink:title="17804"/>
  
  <wmlrgs:gaugingMember xlink:href="http://example.com/gauging/17730/" xlink:title="17730"/>
  
  <wmlrgs:gaugingMember xlink:href="http://example.com/gauging/17729/" xlink:title="17729"/>
  
  <wmlrgs:gaugingMember xlink:href="http://example.com/gauging/17600/" xlink:title="17600"/>
  
  <wmlrgs:gaugingMember xlink:href="http://example.com/gauging/17562/" xlink:title="17562"/>
  
  <wmlrgs:gaugingMember xlink:href="http://example.com/gauging/17497/" xlink:title="17497"/>
  
  <wmlrgs:gaugingMember xlink:href="http://example.com/gauging/17435/" xlink:title="17435"/>
  
  <wmlrgs:gaugingMember xlink:href="http://example.com/gauging/17379/" xlink:title="17379"/>
  
  <wmlrgs:gaugingMember xlink:href="http://example.com/gauging/17304/" xlink:title="17304"/>
  
  <wmlrgs:gaugingMember xlink:href="http://example.com/gauging/17243/" xlink:title="17243"/>
  
  <wmlrgs:gaugingMember xlink:href="http://example.com/gauging/17188/" xlink:title="17188"/>
  
  <wmlrgs:gaugingMember xlink:href="http://example.com/gauging/17120/" xlink:title="17120"/>
  
  <wmlrgs:gaugingMember xlink:href="http://example.com/gauging/17057/" xlink:title="17057"/>
  
  <wmlrgs:gaugingMember xlink:href="http://example.com/gauging/17056/" xlink:title="17056"/>
  
  <wmlrgs:gaugingMember xlink:href="http://example.com/gauging/17004/" xlink:title="17004"/>
  
  <wmlrgs:gaugingMember xlink:href="http://example.com/gauging/16955/" xlink:title="16955"/>
  
  <wmlrgs:gaugingMember xlink:href="http://example.com/gauging/16905/" xlink:title="16905"/>
  
  <wmlrgs:gaugingMember xlink:href="http://example.com/gauging/16865/" xlink:title="16865"/>
  
  <wmlrgs:gaugingMember xlink:href="http://example.com/gauging/16825/" xlink:title="16825"/>
  
  <wmlrgs:gaugingMember xlink:href="http://example.com/gauging/16741/" xlink:title="16741"/>
  
  <wmlrgs:gaugingMember xlink:href="http://example.com/gauging/16669/" xlink:title="16669"/>
  
  <wmlrgs:gaugingMember xlink:href="http://example.com/gauging/16558/" xlink:title="16558"/>
  
  <wmlrgs:gaugingMember xlink:href="http://example.com/gauging/16465/" xlink:title="16465"/>
  
  <wmlrgs:gaugingMember xlink:href="http://example.com/gauging/16423/" xlink:title="16423"/>
  
  <wmlrgs:gaugingMember xlink:href="http://example.com/gauging/16333/" xlink:title="16333"/>
  
  <wmlrgs:gaugingMember xlink:href="http://example.com/gauging/16284/" xlink:title="16284"/>
  
  <wmlrgs:gaugingMember xlink:href="http://example.com/gauging/16215/" xlink:title="16215"/>
  
  <wmlrgs:gaugingMember xlink:href="http://example.com/gauging/16214/" xlink:title="16214"/>
  
  <wmlrgs:gaugingMember xlink:href="http://example.com/gauging/16129/" xlink:title="16129"/>
  
  <wmlrgs:gaugingMember xlink:href="http://example.com/gauging/16064/" xlink:title="16064"/>
  
  <wmlrgs:gaugingMember xlink:href="http://example.com/gauging/15979/" xlink:title="15979"/>
  
  <wmlrgs:gaugingMember xlink:href="http://example.com/gauging/15095/" xlink:title="15095"/>
  
  <wmlrgs:gaugingMember xlink:href="http://example.com/gauging/15094/" xlink:title="15094"/>
  
  <wmlrgs:gaugingMember xlink:href="http://example.com/gauging/15093/" xlink:title="15093"/>
  
  <wmlrgs:gaugingMember xlink:href="http://example.com/gauging/15092/" xlink:title="15092"/>
  
  <wmlrgs:gaugingMember xlink:href="http://example.com/gauging/15091/" xlink:title="15091"/>
  
  <wmlrgs:gaugingMember xlink:href="http://example.com/gauging/15090/" xlink:title="15090"/>
  
  <wmlrgs:gaugingMember xlink:href="http://example.com/gauging/15089/" xlink:title="15089"/>
  
  <wmlrgs:gaugingMember xlink:href="http://example.com/gauging/15088/" xlink:title="15088"/>
  
  <wmlrgs:gaugingMember xlink:href="http://example.com/gauging/15087/" xlink:title="15087"/>
  
  <wmlrgs:gaugingMember xlink:href="http://example.com/gauging/15086/" xlink:title="15086"/>
  
  <wmlrgs:gaugingMember xlink:href="http://example.com/gauging/15085/" xlink:title="15085"/>
  
  <wmlrgs:gaugingMember xlink:href="http://example.com/gauging/15084/" xlink:title="15084"/>
  
  <wmlrgs:gaugingMember xlink:href="http://example.com/gauging/15083/" xlink:title="15083"/>
  
  <wmlrgs:gaugingMember xlink:href="http://example.com/gauging/15082/" xlink:title="15082"/>
  
  <wmlrgs:gaugingMember xlink:href="http://example.com/gauging/15081/" xlink:title="15081"/>
  
  <wmlrgs:gaugingMember xlink:href="http://example.com/gauging/15080/" xlink:title="15080"/>
  
  <wmlrgs:gaugingMember xlink:href="http://example.com/gauging/15079/" xlink:title="15079"/>
  
  <wmlrgs:gaugingMember xlink:href="http://example.com/gauging/15078/" xlink:title="15078"/>
  
  <wmlrgs:gaugingMember xlink:href="http://example.com/gauging/15077/" xlink:title="15077"/>
  
  <wmlrgs:gaugingMember xlink:href="http://example.com/gauging/15076/" xlink:title="15076"/>
  
  <wmlrgs:gaugingMember xlink:href="http://example.com/gauging/15075/" xlink:title="15075"/>
  
  <wmlrgs:gaugingMember xlink:href="http://example.com/gauging/15074/" xlink:title="15074"/>
  
  <wmlrgs:gaugingMember xlink:href="http://example.com/gauging/15073/" xlink:title="15073"/>
  
  <wmlrgs:gaugingMember xlink:href="http://example.com/gauging/15072/" xlink:title="15072"/>
  
  <wmlrgs:gaugingMember xlink:href="http://example.com/gauging/15071/" xlink:title="15071"/>
  
  <wmlrgs:gaugingMember xlink:href="http://example.com/gauging/15070/" xlink:title="15070"/>
  
  <wmlrgs:gaugingMember xlink:href="http://example.com/gauging/15069/" xlink:title="15069"/>
  
  <wmlrgs:gaugingMember xlink:href="http://example.com/gauging/15068/" xlink:title="15068"/>
  
  <wmlrgs:gaugingMember xlink:href="http://example.com/gauging/15067/" xlink:title="15067"/>
  
  <wmlrgs:gaugingMember xlink:href="http://example.com/gauging/15066/" xlink:title="15066"/>
  
  <wmlrgs:gaugingMember xlink:href="http://example.com/gauging/15065/" xlink:title="15065"/>
  
  <wmlrgs:gaugingMember xlink:href="http://example.com/gauging/15064/" xlink:title="15064"/>
  
  <wmlrgs:gaugingMember xlink:href="http://example.com/gauging/15063/" xlink:title="15063"/>
  
  <wmlrgs:gaugingMember xlink:href="http://example.com/gauging/15062/" xlink:title="15062"/>
  
  <wmlrgs:gaugingMember xlink:href="http://example.com/gauging/15061/" xlink:title="15061"/>
  
  <wmlrgs:gaugingMember xlink:href="http://example.com/gauging/15060/" xlink:title="15060"/>
  
  <wmlrgs:gaugingMember xlink:href="http://example.com/gauging/15059/" xlink:title="15059"/>
  
  <wmlrgs:gaugingMember xlink:href="http://example.com/gauging/15058/" xlink:title="15058"/>
  
  <wmlrgs:gaugingMember xlink:href="http://example.com/gauging/15057/" xlink:title="15057"/>
  
  <wmlrgs:gaugingMember xlink:href="http://example.com/gauging/15056/" xlink:title="15056"/>
  
  <wmlrgs:gaugingMember xlink:href="http://example.com/gauging/15055/" xlink:title="15055"/>
  
  <wmlrgs:gaugingMember xlink:href="http://example.com/gauging/15054/" xlink:title="15054"/>
  
  <wmlrgs:gaugingMember xlink:href="http://example.com/gauging/15053/" xlink:title="15053"/>
  
  <wmlrgs:gaugingMember xlink:href="http://example.com/gauging/15052/" xlink:title="15052"/>
  
  <wmlrgs:gaugingMember xlink:href="http://example.com/gauging/15051/" xlink:title="15051"/>
  
  <wmlrgs:gaugingMember xlink:href="http://example.com/gauging/15050/" xlink:title="15050"/>
  
  <wmlrgs:gaugingMember xlink:href="http://example.com/gauging/15049/" xlink:title="15049"/>
  
  <wmlrgs:gaugingMember xlink:href="http://example.com/gauging/15048/" xlink:title="15048"/>
  
  <wmlrgs:gaugingMember xlink:href="http://example.com/gauging/15047/" xlink:title="15047"/>
  
  <wmlrgs:gaugingMember xlink:href="http://example.com/gauging/15046/" xlink:title="15046"/>
  
  <wmlrgs:gaugingMember xlink:href="http://example.com/gauging/15045/" xlink:title="15045"/>
  
  <wmlrgs:gaugingMember xlink:href="http://example.com/gauging/15044/" xlink:title="15044"/>
  
  <wmlrgs:gaugingMember xlink:href="http://example.com/gauging/15043/" xlink:title="15043"/>
  
  <wmlrgs:gaugingMember xlink:href="http://example.com/gauging/15042/" xlink:title="15042"/>
  
  <wmlrgs:gaugingMember xlink:href="http://example.com/gauging/15041/" xlink:title="15041"/>
  
  <wmlrgs:gaugingMember xlink:href="http://example.com/gauging/15040/" xlink:title="15040"/>
  
  <wmlrgs:gaugingMember xlink:href="http://example.com/gauging/15039/" xlink:title="15039"/>
  
  <wmlrgs:gaugingMember xlink:href="http://example.com/gauging/15038/" xlink:title="15038"/>
  
  <wmlrgs:gaugingMember xlink:href="http://example.com/gauging/15037/" xlink:title="15037"/>
  
  <wmlrgs:gaugingMember xlink:href="http://example.com/gauging/15036/" xlink:title="15036"/>
  
  <wmlrgs:gaugingMember xlink:href="http://example.com/gauging/15035/" xlink:title="15035"/>
  
  <wmlrgs:gaugingMember xlink:href="http://example.com/gauging/15034/" xlink:title="15034"/>
  
  <wmlrgs:gaugingMember xlink:href="http://example.com/gauging/15033/" xlink:title="15033"/>
  
  <wmlrgs:gaugingMember xlink:href="http://example.com/gauging/15032/" xlink:title="15032"/>
  
  <wmlrgs:gaugingMember xlink:href="http://example.com/gauging/15031/" xlink:title="15031"/>
  
  <wmlrgs:gaugingMember xlink:href="http://example.com/gauging/15030/" xlink:title="15030"/>
  
  <wmlrgs:gaugingMember xlink:href="http://example.com/gauging/15029/" xlink:title="15029"/>
  
  <wmlrgs:gaugingMember xlink:href="http://example.com/gauging/15028/" xlink:title="15028"/>
  
  <wmlrgs:gaugingMember xlink:href="http://example.com/gauging/15027/" xlink:title="15027"/>
  
  <wmlrgs:gaugingMember xlink:href="http://example.com/gauging/15026/" xlink:title="15026"/>
  
  <wmlrgs:gaugingMember xlink:href="http://example.com/gauging/15025/" xlink:title="15025"/>
  
  <wmlrgs:gaugingMember xlink:href="http://example.com/gauging/15024/" xlink:title="15024"/>
  
  <wmlrgs:gaugingMember xlink:href="http://example.com/gauging/15023/" xlink:title="15023"/>
  
  <wmlrgs:gaugingMember xlink:href="http://example.com/gauging/15022/" xlink:title="15022"/>
  
  <wmlrgs:gaugingMember xlink:href="http://example.com/gauging/15021/" xlink:title="15021"/>
  
  <wmlrgs:gaugingMember xlink:href="http://example.com/gauging/15020/" xlink:title="15020"/>
  
  <wmlrgs:gaugingMember xlink:href="http://example.com/gauging/15019/" xlink:title="15019"/>
  
  <wmlrgs:gaugingMember xlink:href="http://example.com/gauging/15018/" xlink:title="15018"/>
  
  <wmlrgs:gaugingMember xlink:href="http://example.com/gauging/15017/" xlink:title="15017"/>
  
  <wmlrgs:gaugingMember xlink:href="http://example.com/gauging/15016/" xlink:title="15016"/>
  
  <wmlrgs:gaugingMember xlink:href="http://example.com/gauging/15015/" xlink:title="15015"/>
  
  <wmlrgs:gaugingMember xlink:href="http://example.com/gauging/15014/" xlink:title="15014"/>
  
  <wmlrgs:gaugingMember xlink:href="http://example.com/gauging/15013/" xlink:title="15013"/>
  
  <wmlrgs:gaugingMember xlink:href="http://example.com/gauging/15012/" xlink:title="15012"/>
  
  <wmlrgs:gaugingMember xlink:href="http://example.com/gauging/15011/" xlink:title="15011"/>
  
  <wmlrgs:gaugingMember xlink:href="http://example.com/gauging/15010/" xlink:title="15010"/>
  
  <wmlrgs:gaugingMember xlink:href="http://example.com/gauging/15009/" xlink:title="15009"/>
  
  <wmlrgs:gaugingMember xlink:href="http://example.com/gauging/15008/" xlink:title="15008"/>
  
  <wmlrgs:gaugingMember xlink:href="http://example.com/gauging/15007/" xlink:title="15007"/>
  
  <wmlrgs:gaugingMember xlink:href="http://example.com/gauging/15006/" xlink:title="15006"/>
  
  <wmlrgs:gaugingMember xlink:href="http://example.com/gauging/15005/" xlink:title="15005"/>
  
  <wmlrgs:gaugingMember xlink:href="http://example.com/gauging/15004/" xlink:title="15004"/>
  
  <wmlrgs:gaugingMember xlink:href="http://example.com/gauging/15003/" xlink:title="15003"/>
  

</wmlrgs:Collection>

