<?xml version="1.0"?>
<!DOCTYPE rdf:RDF PUBLIC "-//DUBLIN CORE//DCMES DTD 2002/07/31//EN"
"http://dublincore.org/documents/2002/07/31/dcmes-xml/dcmes-xml-dtd.dtd">
<rdf:RDF xmlns:dcterms="http://purl.org/dc/terms/" xmlns:rdf="http://www.w3.org/1999/02/22-rdf-syntax-ns#" xmlns:dc="http://purl.org/dc/elements/1.1/" xmlns:hsterms="http://hydroshare.org/terms/">
  <rdf:Description rdf:about="http://hydroshare.org3573d466040d453f95e1d18ae0671b71">
    <dc:title>test accents</dc:title>
    <dc:type rdf:resource="reftimeseries"/>
    <dc:description>
      <rdf:Description>
        <dcterms:abstract>test accents</dcterms:abstract>
      </rdf:Description>
    </dc:description>
    <dc:creator>
      <rdf:Description>
        <hsterms:name>admin</hsterms:name>
        <hsterms:creatorOrder>1</hsterms:creatorOrder>
      </rdf:Description>
    </dc:creator>
    <dc:contributor>
      <rdf:Description>
        <hsterms:name>admin</hsterms:name>
      </rdf:Description>
    </dc:contributor>
    <dc:coverage/>
    <dc:date>
      <dcterms:created>
        <rdf:value>2014-12-30T06:45:41T-000030</rdf:value>
      </dcterms:created>
    </dc:date>
    <dc:date>
      <dcterms:modified>
        <rdf:value>2014-12-30T06:45:41T-000030</rdf:value>
      </dcterms:modified>
    </dc:date>
    <dc:identifier>
      <rdf:Description>
        <hsterms:hydroshareIdentifier>http://hydroshare.org3573d466040d453f95e1d18ae0671b71</hsterms:hydroshareIdentifier>
      </rdf:Description>
    </dc:identifier>
  </rdf:Description>
</rdf:RDF>
